{
	"credit": "Made with Blockbench",
	"texture_size": [64, 64],
	"textures": {
		"0": "./p2",
		"particle": "./p2"
	},
	"elements": [
		{
			"from": [4, 0, 4],
			"to": [12, 1, 12],
			"faces": {
				"north": {"uv": [10, 15.75, 12, 16], "texture": "#0"},
				"east": {"uv": [8, 15.75, 10, 16], "texture": "#0"},
				"south": {"uv": [14, 15.75, 16, 16], "texture": "#0"},
				"west": {"uv": [12, 15.75, 14, 16], "texture": "#0"},
				"up": {"uv": [12, 15.75, 10, 13.75], "texture": "#0"},
				"down": {"uv": [14, 13.75, 12, 15.75], "texture": "#0"}
			}
		},
		{
			"from": [11, -1, 3.5],
			"to": [13, 1, 5.5],
			"faces": {
				"north": {"uv": [14.5, 15.25, 15, 15.75], "texture": "#0"},
				"east": {"uv": [14, 15.25, 14.5, 15.75], "texture": "#0"},
				"south": {"uv": [15.5, 15.25, 16, 15.75], "texture": "#0"},
				"west": {"uv": [15, 15.25, 15.5, 15.75], "texture": "#0"},
				"up": {"uv": [15, 15.25, 14.5, 14.75], "texture": "#0"},
				"down": {"uv": [15.5, 14.75, 15, 15.25], "texture": "#0"}
			}
		},
		{
			"from": [12, -8, 3.5],
			"to": [12, -1, 5.5],
			"rotation": {"angle": 45, "axis": "y", "origin": [12, -2, 4.5]},
			"faces": {
				"north": {"uv": [15.5, 13, 15.5, 14.75], "texture": "#0"},
				"east": {"uv": [15, 13, 15.5, 14.75], "texture": "#0"},
				"south": {"uv": [16, 13, 16, 14.75], "texture": "#0"},
				"west": {"uv": [15.5, 13, 16, 14.75], "texture": "#0"},
				"up": {"uv": [15.5, 13, 15.5, 12.5], "texture": "#0"},
				"down": {"uv": [15.5, 12.5, 15.5, 13], "texture": "#0"}
			}
		},
		{
			"from": [1, 1, 4],
			"to": [15, 3, 12],
			"faces": {
				"north": {"uv": [7, 12.5, 10.5, 13], "texture": "#0"},
				"east": {"uv": [5, 12.5, 7, 13], "texture": "#0"},
				"south": {"uv": [12.5, 12.5, 16, 13], "texture": "#0"},
				"west": {"uv": [10.5, 12.5, 12.5, 13], "texture": "#0"},
				"up": {"uv": [10.5, 12.5, 7, 10.5], "texture": "#0"},
				"down": {"uv": [14, 10.5, 10.5, 12.5], "texture": "#0"}
			}
		},
		{
			"from": [3, 3, 6],
			"to": [13, 6, 10],
			"faces": {
				"north": {"uv": [10, 9.75, 12.5, 10.5], "texture": "#0"},
				"east": {"uv": [9, 9.75, 10, 10.5], "texture": "#0"},
				"south": {"uv": [13.5, 9.75, 16, 10.5], "texture": "#0"},
				"west": {"uv": [12.5, 9.75, 13.5, 10.5], "texture": "#0"},
				"up": {"uv": [12.5, 9.75, 10, 8.75], "texture": "#0"},
				"down": {"uv": [15, 8.75, 12.5, 9.75], "texture": "#0"}
			}
		},
		{
			"from": [1, 2, 4],
			"to": [15, 8, 4],
			"rotation": {"angle": 22.5, "axis": "x", "origin": [8.5, 2, 4]},
			"faces": {
				"north": {"uv": [0, 14.5, 3.5, 16], "texture": "#0"},
				"east": {"uv": [0, 14.5, 0, 16], "texture": "#0"},
				"south": {"uv": [3.5, 14.5, 7, 16], "texture": "#0"},
				"west": {"uv": [3.5, 14.5, 3.5, 16], "texture": "#0"},
				"up": {"uv": [3.5, 14.5, 0, 14.5], "texture": "#0"},
				"down": {"uv": [7, 14.5, 3.5, 14.5], "texture": "#0"}
			}
		},
		{
			"from": [-3, 2, 2.5],
			"to": [2, 6, 2.5],
			"rotation": {"angle": 22.5, "axis": "y", "origin": [8.5, 2, 4]},
			"faces": {
				"north": {"uv": [7, 14.75, 8.25, 15.75], "texture": "#0"},
				"east": {"uv": [7, 14.75, 7, 15.75], "texture": "#0"},
				"south": {"uv": [8.25, 14.75, 9.5, 15.75], "texture": "#0"},
				"west": {"uv": [8.25, 14.75, 8.25, 15.75], "texture": "#0"},
				"up": {"uv": [8.25, 14.75, 7, 14.75], "texture": "#0"},
				"down": {"uv": [9.5, 14.75, 8.25, 14.75], "texture": "#0"}
			}
		},
		{
			"from": [14, 2, 3],
			"to": [19, 6, 3],
			"rotation": {"angle": -22.5, "axis": "y", "origin": [8.5, 2, 4]},
			"faces": {
				"north": {"uv": [7, 13.75, 8.25, 14.75], "texture": "#0"},
				"east": {"uv": [7, 13.75, 7, 14.75], "texture": "#0"},
				"south": {"uv": [8.25, 13.75, 9.5, 14.75], "texture": "#0"},
				"west": {"uv": [8.25, 13.75, 8.25, 14.75], "texture": "#0"},
				"up": {"uv": [8.25, 13.75, 7, 13.75], "texture": "#0"},
				"down": {"uv": [9.5, 13.75, 8.25, 13.75], "texture": "#0"}
			}
		},
		{
			"from": [1, 2, 12],
			"to": [15, 8, 12],
			"rotation": {"angle": -22.5, "axis": "x", "origin": [8.5, 2, 12]},
			"faces": {
				"north": {"uv": [0, 13, 3.5, 14.5], "texture": "#0"},
				"east": {"uv": [0, 13, 0, 14.5], "texture": "#0"},
				"south": {"uv": [3.5, 13, 7, 14.5], "texture": "#0"},
				"west": {"uv": [3.5, 13, 3.5, 14.5], "texture": "#0"},
				"up": {"uv": [3.5, 13, 0, 13], "texture": "#0"},
				"down": {"uv": [7, 13, 3.5, 13], "texture": "#0"}
			}
		},
		{
			"from": [-3, 2, 13.5],
			"to": [2, 6, 13.5],
			"rotation": {"angle": -22.5, "axis": "y", "origin": [8.5, 2, 12]},
			"faces": {
				"north": {"uv": [0, 12, 1.25, 13], "texture": "#0"},
				"east": {"uv": [0, 12, 0, 13], "texture": "#0"},
				"south": {"uv": [1.25, 12, 2.5, 13], "texture": "#0"},
				"west": {"uv": [1.25, 12, 1.25, 13], "texture": "#0"},
				"up": {"uv": [1.25, 12, 0, 12], "texture": "#0"},
				"down": {"uv": [2.5, 12, 1.25, 12], "texture": "#0"}
			}
		},
		{
			"from": [14, 2, 13.5],
			"to": [19, 6, 13.5],
			"rotation": {"angle": 22.5, "axis": "y", "origin": [8.5, 2, 12]},
			"faces": {
				"north": {"uv": [0, 11, 1.25, 12], "texture": "#0"},
				"east": {"uv": [0, 11, 0, 12], "texture": "#0"},
				"south": {"uv": [1.25, 11, 2.5, 12], "texture": "#0"},
				"west": {"uv": [1.25, 11, 1.25, 12], "texture": "#0"},
				"up": {"uv": [1.25, 11, 0, 11], "texture": "#0"},
				"down": {"uv": [2.5, 11, 1.25, 11], "texture": "#0"}
			}
		}
	],
	"gui_light": "front",
	"display": {
		"thirdperson_righthand": {
			"rotation": [0, 45, 0],
			"translation": [0, 4.5, 0.75],
			"scale": [0.55, 0.55, 0.55]
		},
		"thirdperson_lefthand": {
			"rotation": [0, 45, 0],
			"translation": [0, 4.5, 0.75],
			"scale": [0.56, 0.56, 0.56]
		},
		"firstperson_righthand": {
			"rotation": [10, 45, 0],
			"translation": [1.5, 4.75, 0],
			"scale": [0.73, 0.73, 0.73]
		},
		"ground": {
			"translation": [0, 6.25, 0],
			"scale": [0.5, 0.5, 0.5]
		},
		"gui": {
			"rotation": [19, 180, 0],
			"translation": [0, 4.5, 0],
			"scale": [0.68, 0.68, 0.68]
		},
		"head": {
			"translation": [0, 16, 0],
			"scale": [1.81, 1.81, 1.81]
		},
		"fixed": {
			"translation": [0, 4.25, 1.75],
			"scale": [0.86, 0.86, 0.86]
		}
	},
	"groups": [
		{
			"name": "group",
			"origin": [0, 0, 0],
			"color": 0,
			"children": [0, 1, 2, 3, 4, 5, 6, 7, 8, 9, 10]
		}
	]
}