{
	"credit": "Made with Blockbench",
	"texture_size": [64, 64],
	"textures": {
		"0": "./p1",
		"particle": "./p1"
	},
	"elements": [
		{
			"from": [4, 0, 4],
			"to": [12, 1, 12],
			"faces": {
				"north": {"uv": [2, 4.5, 4, 4.75], "texture": "#0"},
				"east": {"uv": [0, 4.5, 2, 4.75], "texture": "#0"},
				"south": {"uv": [6, 4.5, 8, 4.75], "texture": "#0"},
				"west": {"uv": [4, 4.5, 6, 4.75], "texture": "#0"},
				"up": {"uv": [4, 4.5, 2, 2.5], "texture": "#0"},
				"down": {"uv": [6, 2.5, 4, 4.5], "texture": "#0"}
			}
		},
		{
			"from": [4, 1, 4],
			"to": [12, 3, 12],
			"faces": {
				"north": {"uv": [2, 2, 4, 2.5], "texture": "#0"},
				"east": {"uv": [0, 2, 2, 2.5], "texture": "#0"},
				"south": {"uv": [6, 2, 8, 2.5], "texture": "#0"},
				"west": {"uv": [4, 2, 6, 2.5], "texture": "#0"},
				"up": {"uv": [4, 2, 2, 0], "texture": "#0"},
				"down": {"uv": [6, 0, 4, 2], "texture": "#0"}
			}
		},
		{
			"from": [2, 1, 4],
			"to": [14, 5, 4],
			"rotation": {"angle": -22.5, "axis": "x", "origin": [8, 1, 4]},
			"faces": {
				"north": {"uv": [6, 0, 9, 1], "texture": "#0"},
				"east": {"uv": [6, 0, 6, 1], "texture": "#0"},
				"south": {"uv": [9, 0, 12, 1], "texture": "#0"},
				"west": {"uv": [9, 0, 9, 1], "texture": "#0"},
				"up": {"uv": [9, 0, 6, 0], "texture": "#0"},
				"down": {"uv": [12, 0, 9, 0], "texture": "#0"}
			}
		},
		{
			"from": [1, 1, 4],
			"to": [4, 1, 14],
			"rotation": {"angle": 0, "axis": "x", "origin": [8, 1, 4]},
			"faces": {
				"north": {"uv": [4, 7.25, 4.75, 7.25], "texture": "#0"},
				"east": {"uv": [1.5, 7.25, 4, 7.25], "texture": "#0"},
				"south": {"uv": [7.25, 7.25, 8, 7.25], "texture": "#0"},
				"west": {"uv": [4.75, 7.25, 7.25, 7.25], "texture": "#0"},
				"up": {"uv": [4.75, 7.25, 4, 4.75], "texture": "#0"},
				"down": {"uv": [5.5, 4.75, 4.75, 7.25], "texture": "#0"}
			}
		},
		{
			"from": [12, 1, 4],
			"to": [15, 1, 14],
			"rotation": {"angle": 0, "axis": "x", "origin": [8, 1, 4]},
			"faces": {
				"north": {"uv": [2.5, 7.25, 3.25, 7.25], "texture": "#0"},
				"east": {"uv": [0, 7.25, 2.5, 7.25], "texture": "#0"},
				"south": {"uv": [5.75, 7.25, 6.5, 7.25], "texture": "#0"},
				"west": {"uv": [3.25, 7.25, 5.75, 7.25], "texture": "#0"},
				"up": {"uv": [3.25, 7.25, 2.5, 4.75], "texture": "#0"},
				"down": {"uv": [4, 4.75, 3.25, 7.25], "texture": "#0"}
			}
		},
		{
			"from": [4, 1, 12],
			"to": [12, 1, 15],
			"rotation": {"angle": 0, "axis": "x", "origin": [8, 1, 4]},
			"faces": {
				"north": {"uv": [6, 1.75, 8, 1.75], "texture": "#0"},
				"east": {"uv": [5.25, 1.75, 6, 1.75], "texture": "#0"},
				"south": {"uv": [8.75, 1.75, 10.75, 1.75], "texture": "#0"},
				"west": {"uv": [8, 1.75, 8.75, 1.75], "texture": "#0"},
				"up": {"uv": [8, 1.75, 6, 1], "texture": "#0"},
				"down": {"uv": [10, 1, 8, 1.75], "texture": "#0"}
			}
		},
		{
			"from": [5, 3, 5],
			"to": [11, 4, 11],
			"faces": {
				"north": {"uv": [7, 6.25, 8.5, 6.5], "texture": "#0"},
				"east": {"uv": [5.5, 6.25, 7, 6.5], "texture": "#0"},
				"south": {"uv": [10, 6.25, 11.5, 6.5], "texture": "#0"},
				"west": {"uv": [8.5, 6.25, 10, 6.5], "texture": "#0"},
				"up": {"uv": [8.5, 6.25, 7, 4.75], "texture": "#0"},
				"down": {"uv": [10, 4.75, 8.5, 6.25], "texture": "#0"}
			}
		},
		{
			"from": [11.5, 2.5, 3.15],
			"to": [12.5, 3.5, 3.15],
			"faces": {
				"north": {"uv": [0, 0.25, 0.25, 0.5], "texture": "#0"},
				"east": {"uv": [0, 0.25, 0, 0.5], "texture": "#0"},
				"south": {"uv": [0.25, 0.25, 0.5, 0.5], "texture": "#0"},
				"west": {"uv": [0.25, 0.25, 0.25, 0.5], "texture": "#0"},
				"up": {"uv": [0.25, 0.25, 0, 0.25], "texture": "#0"},
				"down": {"uv": [0.5, 0.25, 0.25, 0.25], "texture": "#0"}
			}
		},
		{
			"from": [14.5, 0.5, 6],
			"to": [15.5, 1.5, 6],
			"faces": {
				"north": {"uv": [0, 0, 0.25, 0.25], "texture": "#0"},
				"east": {"uv": [0, 0, 0, 0.25], "texture": "#0"},
				"south": {"uv": [0.25, 0, 0.5, 0.25], "texture": "#0"},
				"west": {"uv": [0.25, 0, 0.25, 0.25], "texture": "#0"},
				"up": {"uv": [0.25, 0, 0, 0], "texture": "#0"},
				"down": {"uv": [0.5, 0, 0.25, 0], "texture": "#0"}
			}
		},
		{
			"from": [13.5, -2.5, 1.75],
			"to": [13.5, 3.5, 6.75],
			"rotation": {"angle": 45, "axis": "y", "origin": [14, 0.5, 4.5]},
			"faces": {
				"north": {"uv": [1.25, 6, 1.25, 7.5], "texture": "#0"},
				"east": {"uv": [0, 6, 1.25, 7.5], "texture": "#0"},
				"south": {"uv": [2.5, 6, 2.5, 7.5], "texture": "#0"},
				"west": {"uv": [1.25, 6, 2.5, 7.5], "texture": "#0"},
				"up": {"uv": [1.25, 6, 1.25, 4.75], "texture": "#0"},
				"down": {"uv": [1.25, 4.75, 1.25, 6], "texture": "#0"}
			}
		},
		{
			"from": [12.26256, -0.5, 3.46967],
			"to": [13.26256, 0.5, 4.46967],
			"rotation": {"angle": 0, "axis": "y", "origin": [12.76256, 0, 3.96967]},
			"faces": {
				"north": {"uv": [0.75, 6.75, 1, 7], "texture": "#0"},
				"east": {"uv": [0.75, 6.75, 1, 7], "texture": "#0"},
				"south": {"uv": [1.5, 6.75, 1.75, 7], "texture": "#0"},
				"west": {"uv": [1.5, 6.75, 1.75, 7], "texture": "#0"},
				"up": {"uv": [1, 7, 0.75, 6.75], "texture": "#0"},
				"down": {"uv": [1.75, 6.75, 1.5, 7], "texture": "#0"}
			}
		},
		{
			"from": [13, -1.5, 4.75],
			"to": [14, -0.5, 5.75],
			"rotation": {"angle": 45, "axis": "y", "origin": [14, 0.5, 4.5]},
			"faces": {
				"north": {"uv": [0.25, 7, 0.5, 7.25], "texture": "#0"},
				"east": {"uv": [0.25, 7, 0.5, 7.25], "texture": "#0"},
				"south": {"uv": [2, 7, 2.25, 7.25], "texture": "#0"},
				"west": {"uv": [2, 7, 2.25, 7.25], "texture": "#0"},
				"up": {"uv": [0.5, 7.25, 0.25, 7], "texture": "#0"},
				"down": {"uv": [2.25, 7, 2, 7.25], "texture": "#0"}
			}
		},
		{
			"from": [13, -2.5, 6.25],
			"to": [14, -0.5, 6.25],
			"rotation": {"angle": 45, "axis": "y", "origin": [14, 0.5, 4.5]},
			"faces": {
				"north": {"uv": [1, 7.5, 1.25, 8], "texture": "#0"},
				"east": {"uv": [1, 7.5, 1, 8], "texture": "#0"},
				"south": {"uv": [1.25, 7.5, 1.5, 8], "texture": "#0"},
				"west": {"uv": [1.25, 7.5, 1.25, 8], "texture": "#0"},
				"up": {"uv": [1.25, 7.5, 1, 7.5], "texture": "#0"},
				"down": {"uv": [1.5, 7.5, 1.25, 7.5], "texture": "#0"}
			}
		},
		{
			"from": [14.38388, -3.5, 5.59099],
			"to": [15.38388, -2.5, 6.59099],
			"rotation": {"angle": 0, "axis": "y", "origin": [14.88388, -3, 6.09099]},
			"faces": {
				"north": {"uv": [1, 8.25, 1.25, 8.5], "texture": "#0"},
				"east": {"uv": [0.75, 8.25, 1, 8.5], "texture": "#0"},
				"south": {"uv": [1.5, 8.25, 1.75, 8.5], "texture": "#0"},
				"west": {"uv": [1.25, 8.25, 1.5, 8.5], "texture": "#0"},
				"up": {"uv": [1.25, 8.25, 1, 8], "texture": "#0"},
				"down": {"uv": [1.5, 8, 1.25, 8.25], "texture": "#0"}
			}
		}
	],
	"gui_light": "front",
	"display": {
		"thirdperson_righthand": {
			"rotation": [0, 45, 0],
			"translation": [0, 4.5, 0.75],
			"scale": [0.55, 0.55, 0.55]
		},
		"thirdperson_lefthand": {
			"rotation": [0, 45, 0],
			"translation": [0, 4.5, 0.75],
			"scale": [0.56, 0.56, 0.56]
		},
		"firstperson_righthand": {
			"rotation": [10, 45, 0],
			"translation": [1.5, 4.75, 0],
			"scale": [0.73, 0.73, 0.73]
		},
		"ground": {
			"translation": [0, 6, 0],
			"scale": [0.5, 0.5, 0.5]
		},
		"gui": {
			"rotation": [19, 153, 0],
			"translation": [0, 4.75, 0],
			"scale": [0.77, 0.77, 0.77]
		},
		"head": {
			"translation": [0, 17.75, 0],
			"scale": [1.81, 1.81, 1.81]
		},
		"fixed": {
			"translation": [0, 8.5, 3],
			"scale": [1.17, 1.17, 1.17]
		}
	},
	"groups": [
		{
			"name": "group",
			"origin": [0, 0, 0],
			"color": 0,
			"children": [0, 1, 2, 3, 4, 5, 6, 7, 8, 9, 10, 11, 12, 13]
		}
	]
}